7.3158e+05,2.2557,0.71,2.6941,1.42,3.0864,1.8421,3.4347,2.1014,3.7432,2.2689,4.0159,2.3825,4.2561,2.4634,4.467,2.5238
7.3159e+05,2.3532,1.16,2.8315,1.58,3.2408,1.8636,3.5924,2.0637,3.8966,2.2103,4.1612,2.3216,4.3919,2.4086,4.5929,2.4783
7.316e+05,2.2399,0.94,2.6999,1.38,3.0995,1.6777,3.4464,1.8892,3.7491,2.0446,4.0139,2.1629,4.2457,2.2555,4.4483,2.3298
7.3160e+05,2.1458,0.84,2.5824,1.24,2.9711,1.5262,3.3147,1.7422,3.6181,1.9076,3.8859,2.0371,4.122,2.1403,4.3296,2.2243
7.3161e+05,2.224,0.92,2.6716,1.29,3.0605,1.5654,3.3988,1.7756,3.6944,1.9386,3.9531,2.0673,4.1798,2.1707,4.3781,2.2552
7.3162e+05,2.1621,0.66,2.6293,1.11,3.0303,1.4264,3.3733,1.657,3.6684,1.83,3.9241,1.9634,4.1463,2.0687,4.3396,2.1536
7.3163e+05,2.1264,0.52,2.5752,1.01,2.9725,1.3537,3.3216,1.5981,3.6285,1.7789,3.8986,1.9171,4.1363,2.0256,4.3452,2.1127
7.3163e+05,2.0927,0.34,2.5245,0.84,2.9121,1.1916,3.256,1.4537,3.5605,1.6517,3.8299,1.8051,4.0681,1.9265,4.2781,2.0247
7.3164e+05,1.9454,0.15,2.3573,0.64,2.7337,0.9986,3.0705,1.2696,3.3699,1.4773,3.6355,1.6401,3.8707,1.77,4.0785,1.8756
7.3165e+05,1.8259,0.04,2.2393,0.54,2.6194,0.9056,2.9618,1.1861,3.2683,1.4032,3.5418,1.5744,3.7854,1.7117,4.0017,1.8238
7.3165e+05,2.0071,0.33,2.4108,0.76,2.7756,1.0937,3.1017,1.3496,3.3927,1.5515,3.6521,1.7131,3.8831,1.8444,4.0883,1.9525
7.3166e+05,2.3483,0.59,2.7909,1.11,3.1731,1.493,3.5069,1.7764,3.8005,1.9886,4.0596,2.1497,4.2884,2.2738,4.4901,2.3709
7.3167e+05,2.0782,0.39,2.5329,0.9,2.9331,1.277,3.2832,1.558,3.5903,1.773,3.8605,1.9409,4.0987,2.0749,4.3087,2.1836
7.3168e+05,2.087,0.42,2.5485,0.94,2.9534,1.3277,3.3075,1.6138,3.6183,1.8303,3.892,1.9974,4.1332,2.1286,4.3459,2.2337
7.3168e+05,2.1641,0.46,2.6077,1.01,2.9981,1.4028,3.341,1.6856,3.6433,1.8977,3.9101,2.0611,4.1458,2.1902,4.3538,2.2942
7.3169e+05,2.2204,0.59,2.6538,1.11,3.0306,1.4766,3.3593,1.7441,3.648,1.9446,3.9023,2.0988,4.1266,2.2202,4.3243,2.318
7.317e+05,2.0735,0.62,2.5247,1.11,2.9205,1.4632,3.2639,1.7202,3.5626,1.9139,3.8233,2.0636,4.0515,2.1821,4.2514,2.2778
7.317e+05,2.0632,0.58,2.5205,1.1,2.9258,1.4605,3.277,1.7212,3.5803,1.9153,3.8428,2.0641,4.0705,2.1811,4.2686,2.2753
7.3171e+05,1.8576,0.41,2.2652,0.93,2.6441,1.2954,2.9847,1.5538,3.2871,1.7427,3.5545,1.8846,3.7906,1.9943,3.999,2.0811
7.3172e+05,1.7288,0.44,2.1074,0.85,2.4653,1.1585,2.7911,1.3886,3.0833,1.5661,3.3434,1.7056,3.5743,1.8174,3.7787,1.9084
7.3172e+05,1.6899,0.44,2.0404,0.81,2.3744,1.0858,2.6819,1.3015,2.9604,1.4708,3.2107,1.6059,3.4343,1.7154,3.6331,1.8053
7.3173e+05,1.6363,0.4,1.9831,0.8,2.3267,1.0968,2.6502,1.3228,2.9469,1.4984,3.2153,1.6373,3.4559,1.749,3.6702,1.8404
7.3174e+05,1.5995,0.33,1.9645,0.72,2.3214,1.0244,2.653,1.2604,2.9535,1.4475,3.2225,1.5979,3.4618,1.7205,3.6738,1.8216
7.3174e+05,1.3948,0.11,1.7374,0.48,2.0788,0.7781,2.4007,1.0143,2.6955,1.2053,2.9615,1.3615,3.1994,1.4907,3.4111,1.5985
7.3175e+05,1.594,0.29,1.9819,0.62,2.349,0.9372,2.6845,1.2032,2.9865,1.4162,3.2566,1.5856,3.4972,1.7213,3.711,1.8315
7.3176e+05,1.7803,0.41,2.1708,0.77,2.537,1.0762,2.8705,1.3266,3.1702,1.5336,3.4377,1.7051,3.6755,1.8472,3.8865,1.9652
7.3176e+05,1.7574,0.4,2.1771,0.83,2.5706,1.1765,2.9257,1.4553,3.241,1.6807,3.5188,1.8632,3.7629,2.0111,3.9771,2.1312
7.3177e+05,1.7223,0.38,2.1456,0.79,2.5433,1.1126,2.9033,1.3615,3.2237,1.5591,3.5071,1.7181,3.7568,1.8478,3.9765,1.9549
7.3178e+05,2.0395,0.61,2.5108,1.01,2.9278,1.3156,3.2903,1.5543,3.6044,1.7429,3.8771,1.8941,4.1143,2.0171,4.3208,2.1185
7.3179e+05,2.1349,0.68,2.6529,1.09,3.104,1.4058,3.491,1.6481,3.8229,1.8379,4.1084,1.9892,4.3548,2.1115,4.5678,2.2118
7.3179e+05,2.4403,0.91,2.9516,1.37,3.3957,1.7051,3.7795,1.9467,4.1115,2.1279,4.399,2.2673,4.648,2.3771,4.8633,2.4655
7.318e+05,2.2939,0.65,2.777,1.14,3.1977,1.4955,3.5645,1.7588,3.8859,1.9591,4.1686,2.1149,4.4173,2.2388,4.636,2.3391
7.3181e+05,2.5047,0.69,3.0095,1.21,3.4471,1.5837,3.8297,1.8589,4.1647,2.064,4.4577,2.2196,4.7133,2.34,4.9353,2.4348
7.3182e+05,2.5723,0.62,3.0622,1.12,3.4765,1.4852,3.8328,1.753,4.1416,1.9539,4.41,2.1074,4.6432,2.2271,4.8454,2.3222
7.3182e+05,2.5518,0.65,3.0585,1.17,3.479,1.5337,3.8329,1.7931,4.1345,1.9852,4.3937,2.1317,4.6171,2.2464,4.8099,2.3383
7.3183e+05,2.3143,0.55,2.8413,1.04,3.2861,1.3977,3.6633,1.6641,3.9861,1.868,4.2646,2.0273,4.5056,2.1543,4.7145,2.2575
7.3184e+05,2.2221,0.44,2.7303,0.96,3.1693,1.342,3.5478,1.6262,3.8755,1.8418,4.1604,2.0087,4.4084,2.1404,4.6244,2.2462
7.3184e+05,2.2277,0.49,2.7036,1.01,3.1166,1.3811,3.4754,1.652,3.7886,1.8547,4.0628,2.0095,4.3031,2.1304,4.5135,2.2268
7.3185e+05,2.085,0.23,2.5502,0.75,2.9589,1.1298,3.3164,1.4209,3.6299,1.644,3.9053,1.8169,4.1473,1.9526,4.3598,2.0604
7.3186e+05,2.216,0.4,2.7081,0.93,3.1327,1.3086,3.4997,1.5897,3.8187,1.8023,4.097,1.9666,4.3401,2.0962,4.5525,2.2005
7.3186e+05,2.2288,0.33,2.7296,0.87,3.1628,1.2543,3.5377,1.5404,3.8637,1.757,4.1484,1.925,4.3973,2.0581,4.6147,2.1656
7.3187e+05,2.4627,0.48,2.9452,0.96,3.3571,1.3154,3.7134,1.5895,4.0241,1.8009,4.2959,1.9658,4.5338,2.096,4.7417,2.2
7.3188e+05,2.2881,0.41,2.7565,0.86,3.1628,1.1832,3.517,1.4296,3.8274,1.6194,4.0999,1.7685,4.3391,1.8879,4.5487,1.985
7.3188e+05,2.4032,0.5,2.879,0.92,3.2854,1.237,3.6356,1.4709,3.9397,1.6501,4.205,1.7903,4.4366,1.9022,4.6386,1.9931
7.3189e+05,2.6304,0.7,3.0977,1.15,3.4898,1.4533,3.826,1.6714,4.1176,1.8325,4.3721,1.9554,4.5944,2.0518,4.7885,2.1293
7.319e+05,2.3614,0.5,2.8173,0.9,3.2079,1.2005,3.5468,1.4222,3.843,1.5922,4.1028,1.7252,4.3308,1.8314,4.5305,1.9177
7.3191e+05,2.3483,0.62,2.7843,0.99,3.1597,1.2726,3.4877,1.4881,3.7765,1.6567,4.0315,1.7909,4.2565,1.8993,4.4549,1.9882
7.3191e+05,2.5786,0.71,3.0151,1.12,3.3866,1.4081,3.7084,1.6187,3.9898,1.7763,4.2368,1.8973,4.4538,1.9926,4.6442,2.0692
7.3192e+05,2.4222,0.58,2.8753,0.96,3.2568,1.2447,3.5845,1.4664,3.8696,1.6387,4.1191,1.7736,4.3381,1.8799,4.5301,1.9644
7.3193e+05,2.3948,0.51,2.8563,0.88,3.2467,1.1681,3.5825,1.4052,3.8746,1.597,4.1303,1.7522,4.3546,1.8775,4.5514,1.9787
7.3193e+05,2.3489,0.61,2.7982,0.95,3.1772,1.2287,3.5027,1.455,3.7855,1.6388,4.0329,1.7878,4.2497,1.9082,4.4398,2.0051
7.3194e+05,2.3322,0.59,2.788,0.94,3.1727,1.2188,3.5022,1.4456,3.7878,1.629,4.0369,1.7771,4.2549,1.8963,4.4457,1.9921
7.3195e+05,2.4951,0.6532,2.9681,1.0197,3.3651,1.3159,3.7044,1.555,3.9979,1.7475,4.2535,1.902,4.4765,2.0255,4.6711,2.1237
7.3196e+05,2.1853,0.5245,2.6515,0.8589,3.0515,1.1386,3.3967,1.3718,3.6971,1.5655,3.9599,1.7257,4.1903,1.8574,4.3923,1.9651
7.3196e+05,2.2114,0.4286,2.6557,0.757,3.0355,1.0382,3.3638,1.2775,3.6502,1.48,3.9015,1.6502,4.1225,1.792,4.3169,1.9092
7.3197e+05,2.2368,0.4025,2.6902,0.7428,3.0772,1.0316,3.4104,1.2759,3.7002,1.4817,3.9538,1.6542,4.1762,1.798,4.3714,1.9171
7.3198e+05,2.361,0.4046,2.8078,0.739,3.186,1.0263,3.5109,1.2718,3.7929,1.4805,4.0394,1.6566,4.2553,1.8041,4.4445,1.9266
7.3198e+05,2.3027,0.333,2.7545,0.6689,3.1359,0.958,3.4621,1.2055,3.7443,1.4162,3.9903,1.5946,4.2055,1.7445,4.3938,1.8692
7.3199e+05,2.199,0.1749,2.6438,0.5404,3.0258,0.8535,3.3575,1.1207,3.648,1.3475,3.9034,1.539,4.1284,1.6994,4.3263,1.8328
7.32e+05,2.2689,0.1606,2.715,0.5397,3.0964,0.8645,3.4263,1.1414,3.7144,1.3764,3.9672,1.5744,4.1893,1.7402,4.3845,1.8777
7.32e+05,2.1693,-0.0293,2.6262,0.3395,3.0125,0.6585,3.3413,0.9332,3.6245,1.1685,3.8707,1.369,4.0859,1.5386,4.2745,1.6809
7.3201e+05,2.0379,-0.153,2.4616,0.2231,2.8322,0.5434,3.1578,0.8155,3.445,1.0458,3.699,1.24,3.9237,1.4029,4.1222,1.5389
7.3202e+05,1.9774,-0.0878,2.3848,0.2875,2.7489,0.6062,3.073,0.8761,3.3617,1.1039,3.6186,1.2954,3.847,1.4556,4.0494,1.5888
7.3202e+05,2.0132,-0.2412,2.4228,0.1658,2.7846,0.5048,3.1046,0.7875,3.3885,1.0235,3.6407,1.2205,3.8646,1.3848,4.063,1.5216
7.3203e+05,2.0455,-0.1719,2.4621,0.2342,2.83,0.5667,3.1554,0.8407,3.4438,1.0675,3.6998,1.2558,3.9267,1.4124,4.1276,1.5426
7.3204e+05,2.3744,0.087,2.7958,0.4944,3.1619,0.8181,3.4833,1.0805,3.7669,1.2959,4.0172,1.4744,4.2379,1.6226,4.4321,1.7457
7.3204e+05,2.422,0.2205,2.8559,0.6305,3.2282,0.9546,3.5527,1.2156,3.8376,1.4289,4.0884,1.6046,4.3089,1.7501,4.5026,1.8707
7.3205e+05,2.5878,0.2301,3.0321,0.6711,3.4083,1.0079,3.7333,1.2738,4.0171,1.4886,4.2659,1.665,4.4841,1.811,4.6753,1.9322
7.3206e+05,2.8363,0.5813,3.2564,1.0185,3.6067,1.3409,3.9074,1.5877,4.169,1.7826,4.3981,1.9401,4.5991,2.0693,4.7752,2.1762
7.3207e+05,2.8898,0.6237,3.315,1.0367,3.6658,1.3514,3.9649,1.5984,4.2239,1.7969,4.4499,1.9593,4.6477,2.0939,4.8209,2.206
7.3207e+05,3.2258,0.792,3.6502,1.2327,3.9937,1.5506,4.2826,1.7883,4.5302,1.9718,4.7445,2.1175,4.9305,2.2354,5.092,2.3322
7.3208e+05,3.169,0.7211,3.6038,1.1555,3.958,1.4686,4.2565,1.7029,4.5126,1.8843,4.7342,2.0286,4.9269,2.1459,5.0943,2.2423
7.3209e+05,3.1787,0.6629,3.6032,1.0917,3.9485,1.3968,4.2398,1.623,4.4901,1.7971,4.7068,1.9353,4.8953,2.0474,5.0591,2.1398
7.321e+05,3.0873,0.5938,3.5014,1.0133,3.8433,1.3182,4.1334,1.5483,4.3833,1.7278,4.5999,1.8716,4.7882,1.989,4.9517,2.086
7.321e+05,3.2549,0.7001,3.6608,1.1159,3.9936,1.4185,4.276,1.6466,4.5194,1.824,4.7309,1.9656,4.9149,2.0807,5.0751,2.1752
7.3211e+05,3.3214,0.8089,3.705,1.2076,4.024,1.5011,4.2975,1.7244,4.5349,1.8992,4.7421,2.0394,4.9231,2.1536,5.0812,2.2476
7.3212e+05,3.2916,0.7511,3.6596,1.1443,3.9661,1.4366,4.2291,1.6625,4.4579,1.8422,4.6581,1.9879,4.8336,2.1075,4.9873,2.206
7.3212e+05,3.2048,0.7925,3.5719,1.1755,3.8814,1.4613,4.1488,1.6823,4.3823,1.858,4.5871,2.0005,4.7669,2.1173,4.9245,2.2135
7.3213e+05,2.984,0.5936,3.3482,0.9771,3.6613,1.2615,3.935,1.4802,4.1759,1.6534,4.3885,1.7937,4.5759,1.9089,4.741,2.0043
7.3214e+05,2.989,0.596,3.3523,0.9791,3.6647,1.2709,3.9381,1.5003,4.1789,1.685,4.3917,1.836,4.5795,1.9606,4.7449,2.0637
7.3214e+05,2.9406,0.5458,3.287,0.9356,3.5874,1.228,3.852,1.4554,4.0863,1.6377,4.2942,1.787,4.4785,1.9109,4.6416,2.0144
7.3215e+05,3.0959,0.7108,3.4292,1.0744,3.7145,1.3476,3.9644,1.5593,4.1853,1.728,4.3813,1.8652,4.5553,1.9785,4.7095,2.0728
7.3216e+05,3.1074,0.6717,3.4496,1.0488,3.7418,1.3329,3.9971,1.5523,4.2223,1.726,4.4217,1.8663,4.5982,1.9816,4.7544,2.0777
7.3216e+05,2.796,0.4803,3.1332,0.8235,3.4307,1.1006,3.6954,1.3261,3.932,1.5109,4.1435,1.6632,4.3324,1.7895,4.5007,1.8946
7.3217e+05,2.8351,0.4308,3.1629,0.7713,3.4513,1.0445,3.708,1.2665,3.9374,1.4489,4.1426,1.5998,4.3261,1.7255,4.4897,1.8305
7.3218e+05,2.8282,0.5053,3.1588,0.8353,3.4514,1.1013,3.7123,1.318,3.9455,1.496,4.154,1.6435,4.3401,1.7662,4.5059,1.8687
7.3219e+05,2.8451,0.6233,3.1712,0.9418,3.4592,1.1947,3.7159,1.3992,3.9454,1.5672,4.1506,1.7069,4.334,1.824,4.4975,1.9227
7.3219e+05,2.9458,0.6387,3.2545,0.944,3.5283,1.196,3.7749,1.4049,3.9985,1.5787,4.2016,1.7237,4.3855,1.8448,4.5513,1.9459
7.322e+05,2.8274,0.6143,3.1294,0.9183,3.4023,1.1661,3.6508,1.3699,3.8774,1.5387,4.0837,1.6792,4.2706,1.7968,4.4392,1.8953
7.3221e+05,2.81,0.6643,3.1005,0.9596,3.3641,1.1995,3.6049,1.3964,3.825,1.5596,4.026,1.6958,4.2087,1.8099,4.3739,1.9058
7.3221e+05,2.8646,0.6598,3.1141,0.9311,3.3421,1.1539,3.5544,1.339,3.7529,1.494,3.9376,1.6246,4.1081,1.7351,4.264,1.8289
7.3222e+05,2.9362,0.6081,3.2113,0.8918,3.4609,1.1345,3.691,1.3418,3.9037,1.5181,4.0995,1.6676,4.2786,1.7937,4.4408,1.8995
7.3223e+05,2.8846,0.553,3.1552,0.8464,3.4042,1.0924,3.6358,1.2991,3.8509,1.4732,4.0494,1.6198,4.2309,1.7433,4.3953,1.8472
7.3224e+05,2.8105,0.4564,3.0781,0.7505,3.3254,0.9981,3.5555,1.2072,3.769,1.384,3.9661,1.5337,4.1466,1.6604,4.3105,1.7675
7.3224e+05,2.7897,0.3055,3.045,0.6107,3.283,0.8717,3.505,1.095,3.7111,1.2858,3.9012,1.4485,4.0754,1.587,4.2337,1.7043
7.3225e+05,2.8177,0.3232,3.0735,0.607,3.3138,0.8567,3.5386,1.0755,3.7475,1.2667,3.94,1.433,4.1161,1.577,4.2757,1.7009
7.3226e+05,3.0451,0.4109,3.2795,0.6906,3.5001,0.9363,3.7103,1.1514,3.9094,1.339,4.0959,1.5019,4.2682,1.6427,4.4254,1.7636
7.3226e+05,3.0943,0.4704,3.3128,0.734,3.5204,0.9662,3.7211,1.1702,3.9135,1.3489,4.0952,1.5046,4.2641,1.6397,4.4187,1.7562
7.3227e+05,3.175,0.4767,3.3751,0.7315,3.5657,0.9556,3.7514,1.1519,3.931,1.3233,4.102,1.4722,4.2619,1.601,4.409,1.7118
7.3228e+05,3.2637,0.4891,3.4576,0.733,3.6384,0.9477,3.8133,1.1361,3.9826,1.3009,4.1442,1.4444,4.2958,1.5687,4.4357,1.6757
7.3228e+05,3.1832,0.5059,3.3999,0.7629,3.6042,0.9884,3.8,1.1855,3.9868,1.3572,4.1628,1.5061,4.3261,1.6344,4.4755,1.7444
7.3229e+05,3.1384,0.5249,3.3283,0.764,3.5132,0.9748,3.6954,1.1599,3.8725,1.3219,4.0415,1.4631,4.1998,1.5856,4.3457,1.6912
7.323e+05,3.2258,0.5147,3.4049,0.7505,3.5812,0.9578,3.7574,1.1393,3.9304,1.2978,4.0963,1.4354,4.2519,1.5544,4.3951,1.6566
7.323e+05,3.2227,0.5305,3.402,0.7556,3.5804,0.9539,3.7595,1.1281,3.9354,1.2803,4.1039,1.4126,4.2615,1.5269,4.4062,1.6251
7.3231e+05,3.2722,0.6335,3.4518,0.8464,3.6247,1.0352,3.795,1.2018,3.9611,1.3481,4.1202,1.4757,4.2694,1.5862,4.407,1.6811
7.3232e+05,3.4021,0.8437,3.5718,1.0181,3.7313,1.1853,3.8875,1.3412,4.0402,1.4832,4.1872,1.6101,4.3259,1.7214,4.4544,1.8173
7.3233e+05,3.4126,0.8364,3.5641,1.0028,3.7064,1.1596,3.8468,1.3042,3.9854,1.435,4.1197,1.5515,4.247,1.6536,4.3654,1.7415
7.3233e+05,3.3375,0.8703,3.4915,1.0129,3.6369,1.1538,3.7799,1.2881,3.9202,1.4123,4.0552,1.5245,4.1826,1.6238,4.3005,1.7099
7.3234e+05,3.4064,0.887,3.5443,1.0029,3.674,1.1274,3.8031,1.2526,3.9315,1.3729,4.0568,1.485,4.176,1.5867,4.287,1.6768
7.3235e+05,3.4231,0.8731,3.5435,1.0003,3.6558,1.1308,3.7685,1.2582,3.8818,1.378,3.9933,1.4876,4.1002,1.5854,4.2002,1.6707
7.3235e+05,3.4672,0.7507,3.5688,0.8834,3.6713,1.0232,3.7807,1.1607,3.8942,1.2899,4.0071,1.4071,4.1153,1.5104,4.2161,1.5991
7.3236e+05,3.6107,0.7918,3.7311,0.9503,3.8418,1.105,3.9531,1.2501,4.0657,1.382,4.177,1.499,4.2837,1.6004,4.3836,1.6864
7.3237e+05,3.6736,0.8022,3.7835,0.9606,3.8829,1.1134,3.9839,1.255,4.0874,1.3826,4.191,1.4948,4.2917,1.5916,4.3867,1.6734
7.3238e+05,3.7225,0.7797,3.8421,0.9568,3.946,1.1175,4.0471,1.2608,4.1481,1.3863,4.2477,1.4947,4.3436,1.5869,4.4336,1.6641
7.3238e+05,3.9386,0.9469,4.0758,1.149,4.1868,1.3197,4.2891,1.4632,4.3879,1.5829,4.4837,1.682,4.5749,1.7632,4.6598,1.8291
7.3239e+05,3.9058,0.8544,4.0336,1.0689,4.142,1.2486,4.2461,1.3985,4.3492,1.5227,4.4504,1.6249,4.5472,1.7082,4.6375,1.7755
7.324e+05,4.0516,1.0491,4.1658,1.2559,4.2607,1.4259,4.3533,1.5651,4.4471,1.6783,4.5407,1.7698,4.6312,1.8431,4.7158,1.9012
7.324e+05,3.9031,0.8539,4.0027,1.0722,4.0918,1.2532,4.184,1.4023,4.2803,1.5243,4.3776,1.6232,4.4725,1.7026,4.5617,1.7654
7.3241e+05,3.9329,1.0733,4.0371,1.2101,4.1295,1.3482,4.2237,1.4782,4.3211,1.5952,4.419,1.6969,4.5141,1.7826,4.6035,1.853
7.3242e+05,3.6809,0.8163,3.7784,1.0288,3.8746,1.202,3.977,1.3428,4.0842,1.4571,4.1923,1.5496,4.2974,1.6242,4.3965,1.684
7.3242e+05,3.7261,0.7157,3.811,0.9344,3.8939,1.1143,3.9834,1.262,4.0788,1.3828,4.1763,1.4811,4.2721,1.5607,4.363,1.6247
7.3243e+05,3.725,0.814,3.7923,1.0028,3.8608,1.1605,3.9392,1.2918,4.026,1.4007,4.1169,1.4906,4.2076,1.5644,4.2946,1.6246
7.3244e+05,3.7837,0.95,3.8465,1.1228,3.913,1.2685,3.9915,1.3908,4.0799,1.4931,4.1735,1.5782,4.2672,1.6486,4.3575,1.7064
7.3244e+05,3.6706,0.9616,3.7285,1.1255,3.7932,1.2635,3.8712,1.379,3.9596,1.4752,4.0529,1.5547,4.146,1.62,4.2353,1.673
7.3245e+05,3.7358,1.234,3.778,1.2407,3.8288,1.2982,3.8953,1.3797,3.9739,1.4681,4.0587,1.5535,4.1443,1.6304,4.2268,1.696
7.3246e+05,3.6938,1.075,3.7269,1.2016,3.7728,1.3138,3.8373,1.412,3.9158,1.4969,4.0017,1.5695,4.0894,1.6308,4.1744,1.6819
7.3247e+05,3.6094,1.0771,3.6425,1.1889,3.6879,1.289,3.7499,1.3772,3.8242,1.4537,3.9048,1.519,3.9863,1.574,4.065,1.6195
7.3247e+05,3.7299,1.2621,3.7517,1.3607,3.7853,1.4489,3.8367,1.5264,3.902,1.5936,3.9752,1.6508,4.0507,1.6987,4.1244,1.7381
7.3248e+05,3.7519,1.2422,3.785,1.3372,3.8253,1.4259,3.8799,1.5067,3.9463,1.5785,4.0194,1.641,4.0945,1.6943,4.1679,1.7388
7.3249e+05,3.6025,1.2199,3.6252,1.2867,3.6603,1.3586,3.7116,1.4302,3.7756,1.4983,3.8471,1.5605,3.9211,1.6157,3.9937,1.6633
7.3249e+05,3.7605,1.3561,3.7747,1.4091,3.8029,1.4719,3.8491,1.5373,3.9091,1.6008,3.977,1.6594,4.0476,1.7112,4.1168,1.7553
7.325e+05,3.8167,1.4045,3.831,1.4731,3.8592,1.5457,3.9056,1.6172,3.9662,1.6843,4.0347,1.745,4.1058,1.7982,4.1753,1.8434
7.3251e+05,3.9023,1.6008,3.9203,1.6644,3.9497,1.7272,3.9952,1.7867,4.0528,1.8414,4.1169,1.8901,4.1826,1.9323,4.2462,1.968
7.3252e+05,3.9509,1.562,3.9749,1.6234,4.0049,1.6824,4.048,1.7372,4.1023,1.7868,4.1637,1.8307,4.2277,1.8687,4.2906,1.9007
7.3252e+05,4.0508,1.6153,4.0645,1.6743,4.0842,1.7274,4.1179,1.7746,4.1644,1.816,4.2192,1.8519,4.2777,1.8827,4.3361,1.9086
7.3253e+05,4.1554,1.628,4.1712,1.7204,4.1926,1.7971,4.2283,1.8603,4.2764,1.912,4.3322,1.9538,4.3909,1.9873,4.4487,2.0135
7.3254e+05,4.0493,1.5372,4.0549,1.6396,4.0709,1.7194,4.1024,1.7816,4.1466,1.83,4.1985,1.8676,4.2535,1.8965,4.308,1.9188
7.3254e+05,4.0165,1.4664,4.0145,1.5874,4.0271,1.6702,4.0587,1.7292,4.1051,1.7727,4.1604,1.8058,4.2194,1.8317,4.2779,1.8524
7.3255e+05,4.0329,1.4757,4.0309,1.5708,4.04,1.6309,4.0655,1.6776,4.1049,1.7188,4.1536,1.7569,4.2068,1.7919,4.2606,1.8237
7.3256e+05,3.7489,1.0293,3.7699,1.2016,3.8041,1.3138,3.8523,1.3965,3.9107,1.4638,3.975,1.5218,4.0411,1.5732,4.1057,1.619
7.3256e+05,3.8664,1.0569,3.8728,1.2115,3.897,1.3368,3.9398,1.4383,3.9966,1.5196,4.0616,1.5845,4.1297,1.6368,4.197,1.6794
7.3257e+05,3.9649,1.1175,3.9865,1.2862,4.0226,1.4187,4.0742,1.5221,4.1375,1.6022,4.2073,1.665,4.2791,1.7147,4.3492,1.755
7.3258e+05,4.0098,1.1404,4.014,1.3173,4.0362,1.4486,4.0774,1.5456,4.1329,1.6181,4.1966,1.6735,4.2633,1.7169,4.3288,1.7518
7.3258e+05,4.1174,1.1848,4.1411,1.3654,4.1823,1.4933,4.2299,1.584,4.2788,1.6501,4.3266,1.7001,4.3721,1.7391,4.4146,1.7702
7.3259e+05,4.1817,1.363,4.1783,1.5333,4.1913,1.6486,4.2224,1.7282,4.2672,1.7857,4.32,1.8289,4.3756,1.8625,4.4304,1.8894
7.326e+05,4.2758,1.4038,4.286,1.5737,4.3074,1.6976,4.3432,1.789,4.3908,1.8572,4.4457,1.9086,4.5037,1.9478,4.5612,1.9778
7.3261e+05,4.218,1.4036,4.2187,1.5604,4.2328,1.6686,4.2626,1.7458,4.305,1.8026,4.3558,1.8457,4.4107,1.8792,4.4661,1.9058
7.3261e+05,4.4035,1.5795,4.4043,1.7196,4.4185,1.8152,4.4495,1.8825,4.4937,1.9314,4.546,1.9678,4.6014,1.9956,4.6562,2.0172
7.3262e+05,4.4795,1.7217,4.487,1.8252,4.5123,1.899,4.5536,1.9529,4.6047,1.9931,4.6599,2.0238,4.7148,2.0476,4.7667,2.0665
7.3263e+05,4.3987,1.8889,4.4279,1.9379,4.4668,1.9779,4.5084,2.0103,4.5497,2.0362,4.5894,2.0568,4.6269,2.0728,4.6618,2.0849
7.3263e+05,4.37,2.0043,4.3614,1.9974,4.3708,2.0091,4.3984,2.0303,4.4398,2.0553,4.4899,2.0801,4.5437,2.1026,4.5975,2.1215
7.3264e+05,4.2865,1.9424,4.273,1.9294,4.2835,1.9469,4.316,1.9798,4.3647,2.0189,4.4228,2.0582,4.4848,2.0941,4.5464,2.1248
7.3265e+05,4.3983,2.069,4.3863,2.0404,4.3943,2.0488,4.4224,2.0738,4.4655,2.104,4.5178,2.1333,4.574,2.1586,4.63,2.1787
7.3266e+05,4.4005,2.1406,4.3924,2.0997,4.4012,2.0942,4.4282,2.1088,4.4694,2.1331,4.5196,2.1604,4.5738,2.1868,4.6281,2.2096
7.3266e+05,4.3269,2.1306,4.3125,2.0607,4.3174,2.0394,4.3415,2.0454,4.3802,2.065,4.4281,2.0896,4.4804,2.1138,4.5331,2.1347
7.3267e+05,4.2982,2.1413,4.2663,2.0591,4.2586,2.0303,4.2738,2.0305,4.3058,2.0445,4.3481,2.0631,4.3954,2.0807,4.4434,2.0945
7.3268e+05,4.3389,2.1024,4.3066,2.0322,4.2946,2.0137,4.3026,2.0206,4.3262,2.0379,4.3604,2.057,4.4004,2.0736,4.4422,2.0855
7.3268e+05,4.2842,1.9984,4.2624,1.9623,4.263,1.9624,4.2814,1.9808,4.3126,2.0064,4.3521,2.0326,4.3957,2.0559,4.4405,2.0744
7.3269e+05,4.2607,1.9164,4.2404,1.8873,4.2439,1.8861,4.2641,1.9009,4.2955,1.9234,4.3334,1.9483,4.3744,1.9722,4.4157,1.9929
7.327e+05,4.2899,1.8123,4.2667,1.8055,4.2663,1.8158,4.2831,1.8358,4.3115,1.8605,4.3471,1.8862,4.3863,1.9105,4.4262,1.9319
7.327e+05,4.4363,1.8713,4.4162,1.8812,4.416,1.9033,4.432,1.9313,4.4601,1.9611,4.496,1.9897,4.5361,2.0154,4.5773,2.0369
7.3271e+05,4.5241,1.8682,4.4949,1.8907,4.4808,1.916,4.4809,1.941,4.4925,1.9639,4.5124,1.9833,4.5374,1.9985,4.565,2.0092
7.3272e+05,4.6183,1.9685,4.5868,1.9941,4.5703,2.0192,4.5682,2.0417,4.5779,2.0602,4.5961,2.0741,4.6194,2.0833,4.6452,2.0878
7.3272e+05,4.5773,1.8688,4.5418,1.9125,4.5217,1.9502,4.5168,1.9814,4.5244,2.0062,4.541,2.0247,4.5633,2.0373,4.5883,2.0444
7.3273e+05,4.6526,1.8068,4.6149,1.8625,4.5901,1.9093,4.579,1.9476,4.5799,1.9778,4.5897,2.0005,4.6054,2.0165,4.6242,2.0264
7.3274e+05,4.6906,1.8019,4.6703,1.8715,4.662,1.9292,4.6651,1.976,4.6772,2.0129,4.6958,2.041,4.7181,2.0613,4.7419,2.0746
7.3275e+05,4.731,2.0421,4.713,2.0865,4.7083,2.1256,4.7163,2.1588,4.7346,2.1857,4.7599,2.2065,4.7891,2.2213,4.8193,2.2306
7.3275e+05,4.5785,1.89,4.566,1.9484,4.5743,2.0015,4.5968,2.0482,4.6285,2.088,4.6653,2.1208,4.704,2.1466,4.7422,2.1659
7.3276e+05,4.6301,2.0194,4.6067,2.0578,4.6017,2.094,4.6116,2.1266,4.6326,2.1545,4.6608,2.1772,4.6931,2.1945,4.7266,2.2066
7.3277e+05,4.7813,2.1206,4.7624,2.175,4.7603,2.2223,4.7745,2.2622,4.8014,2.2949,4.8368,2.3207,4.8765,2.3399,4.9172,2.3532
7.3277e+05,4.836,2.1607,4.8255,2.2327,4.8326,2.2915,4.8552,2.3388,4.8891,2.376,4.9304,2.4041,4.9752,2.4245,5.0205,2.4381
7.3278e+05,4.9054,2.1334,4.895,2.2231,4.9023,2.2963,4.9255,2.3552,4.9609,2.4017,5.0039,2.4376,5.0506,2.4644,5.0977,2.4833
7.3279e+05,4.8422,2.0031,4.8325,2.1177,4.8429,2.2029,4.8703,2.266,4.9098,2.3124,4.9568,2.3462,5.0072,2.3703,5.0576,2.3871
7.328e+05,4.8209,2.0083,4.8283,2.1232,4.8554,2.2067,4.8968,2.2676,4.9474,2.3119,5.0027,2.3442,5.0591,2.3675,5.1138,2.3841
7.328e+05,4.897,2.0699,4.8982,2.1645,4.9187,2.2417,4.9545,2.304,5.0004,2.3538,5.0522,2.393,5.1059,2.4232,5.1584,2.4459
7.3281e+05,4.9732,2.0754,4.978,2.1722,4.9989,2.2534,5.0345,2.321,5.0808,2.3764,5.1335,2.421,5.1885,2.4562,5.2427,2.4831
7.3282e+05,4.8872,2.1108,4.8719,2.1888,4.8797,2.2544,4.9062,2.3089,4.946,2.3536,4.9938,2.3895,5.0449,2.4175,5.0956,2.4387
7.3282e+05,4.8707,2.1111,4.8623,2.1874,4.8763,2.2526,4.9081,2.3077,4.9523,2.3536,5.0036,2.3913,5.0576,2.4214,5.1108,2.4448
7.3283e+05,4.8379,2.0641,4.8179,2.1353,4.8241,2.1969,4.8514,2.2492,4.8932,2.2927,4.9434,2.3281,4.997,2.3562,5.05,2.3775
7.3284e+05,4.8949,2.2288,4.8577,2.2632,4.8482,2.3015,4.8613,2.3397,4.8903,2.3751,4.929,2.4063,4.9723,2.4323,5.0161,2.4527
7.3284e+05,5.061,2.3549,5.0183,2.385,5.0031,2.4175,5.0119,2.4494,5.038,2.4784,5.0749,2.5033,5.1171,2.5235,5.1601,2.5388
7.3285e+05,5.1688,2.487,5.1265,2.5042,5.1101,2.5289,5.1169,2.5561,5.1409,2.5828,5.1757,2.6067,5.2157,2.6267,5.2566,2.642
7.3286e+05,5.0576,2.4034,5.0167,2.4048,5.0076,2.4213,5.0223,2.4455,5.0523,2.4723,5.0903,2.4985,5.131,2.5218,5.1707,2.5411
7.3286e+05,5.0638,2.4066,5.0196,2.4097,5.008,2.4284,5.0202,2.4547,5.0476,2.4834,5.0829,2.5108,5.121,2.5348,5.1582,2.5543
7.3287e+05,4.9847,2.3587,4.9487,2.3604,4.9407,2.3767,4.9528,2.4004,4.9782,2.4268,5.0116,2.4523,5.0486,2.4751,5.0862,2.4937
7.3288e+05,4.9597,2.4012,4.921,2.3838,4.9125,2.3885,4.9254,2.4057,4.9522,2.4287,4.9872,2.4532,5.0259,2.476,5.065,2.4953
7.3289e+05,4.8786,2.3585,4.8456,2.334,4.8413,2.3326,4.8576,2.3447,4.8876,2.3635,4.9258,2.3842,4.9677,2.4038,5.01,2.4203
7.3289e+05,4.789,2.2224,4.7493,2.2005,4.7436,2.2024,4.7607,2.218,4.7922,2.2404,4.8318,2.2648,4.8748,2.2879,4.9178,2.3079
7.329e+05,4.8496,2.219,4.8155,2.2102,4.8139,2.2221,4.8342,2.2455,4.868,2.2736,4.9094,2.3021,4.954,2.3281,4.9984,2.35
7.3291e+05,4.7328,2.2321,4.6886,2.203,4.6825,2.1978,4.7014,2.2071,4.7357,2.2241,4.7784,2.244,4.8245,2.2637,4.8706,2.2811
7.3291e+05,4.7159,2.2955,4.6681,2.2478,4.6594,2.2262,4.6758,2.2212,4.7074,2.2258,4.7472,2.2352,4.7901,2.246,4.8329,2.2559
7.3292e+05,4.6242,2.3503,4.5957,2.271,4.6035,2.2352,4.6302,2.2255,4.6658,2.2301,4.7045,2.2413,4.7431,2.2543,4.7796,2.2658
7.3293e+05,4.6573,2.4441,4.6251,2.3632,4.6306,2.329,4.658,2.321,4.6969,2.3264,4.7408,2.3371,4.7853,2.3483,4.8277,2.3573
7.3294e+05,4.714,2.5427,4.6728,2.448,4.6682,2.4008,4.6867,2.3815,4.7189,2.3776,4.758,2.3807,4.7995,2.386,4.8402,2.3904
7.3294e+05,4.5052,2.4719,4.4626,2.3567,4.4626,2.2995,4.4867,2.2759,4.5234,2.2705,4.5655,2.2735,4.6085,2.2792,4.6498,2.2842
7.3295e+05,4.552,2.4331,4.5101,2.3202,4.5077,2.2688,4.5282,2.2516,4.5609,2.2519,4.5991,2.2595,4.6385,2.2688,4.6766,2.2764
7.3296e+05,4.5998,2.5869,4.5646,2.4633,4.5667,2.4054,4.5898,2.3814,4.6238,2.3735,4.6626,2.3718,4.7022,2.3711,4.7403,2.369
7.3296e+05,4.7346,2.7003,4.6908,2.5687,4.6812,2.5054,4.6947,2.4785,4.7229,2.4696,4.7594,2.4682,4.7999,2.4687,4.8409,2.4682
7.3297e+05,4.7251,2.7327,4.6795,2.6226,4.6677,2.5676,4.6787,2.5348,4.7044,2.5118,4.7387,2.4936,4.7773,2.4781,4.8167,2.4643
7.3298e+05,4.6066,2.6192,4.5598,2.5073,4.5516,2.454,4.5674,2.4235,4.5974,2.4021,4.6346,2.3847,4.6745,2.3693,4.7139,2.3551
7.3298e+05,4.6598,2.668,4.6117,2.5402,4.6014,2.4784,4.6143,2.4432,4.6407,2.419,4.674,2.3995,4.7097,2.3823,4.7449,2.3664
7.3299e+05,4.5435,2.5229,4.4868,2.3894,4.4735,2.3282,4.486,2.2985,4.5129,2.2816,4.5471,2.2691,4.5837,2.2575,4.6198,2.2455
7.33e+05,4.5847,2.6404,4.5217,2.4984,4.4992,2.4277,4.5039,2.3893,4.5257,2.3649,4.5577,2.3462,4.5946,2.3297,4.6326,2.3137
7.3300e+05,4.5354,2.4945,4.4686,2.368,4.444,2.3109,4.4476,2.2871,4.4691,2.2775,4.5011,2.2726,4.5381,2.268,4.5765,2.2617
7.3301e+05,4.3446,2.1377,4.3065,2.1009,4.3087,2.0956,4.3311,2.0978,4.363,2.0999,4.3986,2.0999,4.4346,2.0977,4.4692,2.0938
7.3302e+05,4.4925,2.2532,4.4454,2.2276,4.4405,2.2195,4.4583,2.2154,4.4876,2.2117,4.5219,2.2076,4.5572,2.203,4.5915,2.1981
7.3303e+05,4.5417,2.3423,4.4829,2.3039,4.4682,2.2926,4.4812,2.2915,4.5105,2.2931,4.5484,2.294,4.5898,2.2933,4.6311,2.2908
7.3303e+05,4.5579,2.3867,4.5035,2.3514,4.4912,2.3376,4.5059,2.3364,4.5369,2.3422,4.5767,2.3509,4.6202,2.3598,4.6637,2.3674
7.3304e+05,4.6687,2.452,4.6164,2.4299,4.6006,2.4191,4.6094,2.4154,4.634,2.4154,4.6676,2.4171,4.7056,2.4187,4.7444,2.4195
7.3305e+05,4.6026,2.412,4.553,2.3923,4.5412,2.3826,4.5535,2.3789,4.5799,2.3785,4.6139,2.3794,4.6508,2.3803,4.6875,2.3803
7.3305e+05,4.7286,2.5586,4.6788,2.5066,4.6637,2.4843,4.672,2.4799,4.6953,2.4851,4.7274,2.4946,4.7637,2.5048,4.8008,2.5135
7.3306e+05,4.7584,2.5381,4.7051,2.4992,4.6857,2.477,4.6896,2.4656,4.7087,2.4607,4.737,2.4594,4.7701,2.4596,4.8047,2.4597
7.3307e+05,4.8362,2.4968,4.7923,2.4769,4.7788,2.4676,4.7865,2.465,4.808,2.4662,4.8379,2.4692,4.8723,2.4724,4.9079,2.475
7.3308e+05,4.7912,2.371,4.7463,2.3717,4.7316,2.3783,4.738,2.3879,4.7583,2.3984,4.7871,2.4084,4.8204,2.4169,4.8552,2.4233
7.3308e+05,4.7535,2.3826,4.7038,2.3849,4.6876,2.3914,4.6945,2.4,4.7165,2.4091,4.7476,2.4176,4.7833,2.4248,4.8203,2.4302
7.3309e+05,4.6569,2.334,4.6012,2.3301,4.5839,2.3321,4.5925,2.3376,4.6175,2.3446,4.652,2.3519,4.6912,2.3585,4.7313,2.3639
7.331e+05,4.6445,2.2109,4.5874,2.2256,4.5702,2.2421,4.5796,2.2586,4.6058,2.274,4.6417,2.2877,4.6822,2.2993,4.7234,2.3084
7.331e+05,4.4139,1.9414,4.3772,1.9874,4.3819,2.0291,4.4091,2.0659,4.4476,2.0977,4.4905,2.1245,4.5338,2.1466,4.5752,2.1641
7.3311e+05,4.5163,2.048,4.4638,2.0903,4.4557,2.1294,4.4746,2.1647,4.509,2.1956,4.5509,2.2222,4.5953,2.2444,4.6388,2.2623
7.3312e+05,4.442,1.9267,4.3904,1.9745,4.3872,2.0198,4.4128,2.0614,4.4542,2.0986,4.5028,2.1311,4.5531,2.1588,4.6019,2.1819
7.3312e+05,4.4666,1.9236,4.4268,1.9823,4.4343,2.0354,4.4688,2.0825,4.5173,2.1235,4.5717,2.1585,4.6267,2.1879,4.6792,2.2119
7.3313e+05,4.4797,1.9095,4.4481,1.9768,4.4619,2.0367,4.5009,2.0893,4.5524,2.1348,4.6086,2.1737,4.6648,2.2064,4.718,2.2335
7.3314e+05,4.6196,2.0018,4.5794,2.0641,4.5828,2.1187,4.613,2.1659,4.6581,2.2063,4.7103,2.2404,4.7641,2.2688,4.816,2.292
7.3314e+05,4.6363,2.0544,4.5929,2.1166,4.5925,2.17,4.6191,2.2155,4.6614,2.2538,4.7115,2.2857,4.764,2.312,4.8153,2.3333
7.3315e+05,4.5106,2.0343,4.4772,2.0785,4.4891,2.1225,4.5258,2.1642,4.5748,2.2023,4.6283,2.2361,4.6817,2.2651,4.7322,2.2893
7.3316e+05,4.5299,1.9742,4.4944,2.0264,4.5051,2.0784,4.5418,2.1279,4.5917,2.1735,4.6469,2.2142,4.7024,2.2497,4.7552,2.2798
7.3317e+05,4.5157,2.0453,4.4648,2.0641,4.4613,2.0946,4.4866,2.1309,4.528,2.1688,4.5772,2.2054,4.6287,2.239,4.6788,2.2685
7.3317e+05,4.5625,2.0879,4.51,2.1083,4.502,2.1387,4.5231,2.1741,4.562,2.2109,4.6105,2.2465,4.663,2.2795,4.7155,2.3087
7.3318e+05,4.6993,2.2776,4.6618,2.2997,4.6568,2.3275,4.6745,2.3575,4.7071,2.3873,4.7485,2.4154,4.7941,2.4406,4.8404,2.4622
7.3319e+05,4.7422,2.3842,4.7098,2.3842,4.7086,2.3953,4.7294,2.4127,4.7646,2.4329,4.8082,2.4535,4.8553,2.4729,4.9026,2.4899
7.3319e+05,4.8733,2.5501,4.8383,2.5246,4.8285,2.5158,4.8396,2.5175,4.866,2.525,4.9021,2.5351,4.9431,2.5457,4.9851,2.5551
7.332e+05,4.962,2.6973,4.9599,2.6751,4.9714,2.6665,4.9953,2.6664,5.0285,2.671,5.0676,2.6776,5.1092,2.6844,5.1505,2.69
7.3321e+05,4.9916,2.7152,4.9946,2.6918,5.0105,2.6849,5.0385,2.6881,5.0755,2.6968,5.1179,2.7076,5.162,2.7185,5.2051,2.7278
7.3322e+05,4.9013,2.6611,4.9173,2.6372,4.9491,2.6306,4.9916,2.6348,5.0402,2.6448,5.0912,2.6572,5.1416,2.6696,5.1892,2.6805
7.3322e+05,4.8202,2.652,4.8233,2.6147,4.8474,2.6005,4.8848,2.6007,4.9296,2.6091,4.9775,2.6212,5.0251,2.634,5.0699,2.6455
7.3323e+05,4.9545,2.7796,4.972,2.7395,5.0055,2.7271,5.0485,2.7305,5.0959,2.7416,5.1442,2.7553,5.1908,2.7685,5.2336,2.7792
7.3324e+05,4.8733,2.7596,4.8871,2.706,4.9216,2.6856,4.9669,2.6847,5.0164,2.6939,5.0658,2.707,5.1121,2.7203,5.1537,2.7314
7.3324e+05,4.7088,2.6832,4.7294,2.6112,4.7731,2.5801,4.8252,2.5729,4.8781,2.5783,4.928,2.5891,4.9731,2.601,5.0126,2.6112
7.3325e+05,4.4632,2.568,4.4877,2.4785,4.5465,2.4441,4.6178,2.4395,4.6907,2.4493,4.7597,2.4644,4.8219,2.4796,4.8765,2.4922
7.3326e+05,4.396,2.5466,4.4182,2.4538,4.4748,2.4185,4.5445,2.414,4.6165,2.4241,4.6851,2.4394,4.7474,2.4545,4.8024,2.4668
7.3326e+05,4.4515,2.6475,4.4967,2.5558,4.5682,2.5161,4.6479,2.5062,4.7268,2.5118,4.8005,2.524,4.8672,2.5376,4.9261,2.5494
7.3327e+05,4.2049,2.4539,4.2604,2.3706,4.343,2.3473,4.4402,2.3573,4.5427,2.3837,4.6443,2.4158,4.7403,2.4474,4.828,2.475
7.3328e+05,4.2775,2.5856,4.3144,2.4732,4.3714,2.4151,4.4408,2.3917,4.5166,2.3893,4.594,2.3984,4.6695,2.4126,4.7406,2.4278
7.3328e+05,4.1143,2.4267,4.1426,2.3403,4.2101,2.3072,4.2986,2.3054,4.3955,2.3203,4.4922,2.3426,4.5832,2.3663,4.6652,2.3878
7.3329e+05,3.8591,2.1585,3.897,2.0935,3.9838,2.0817,4.0942,2.0986,4.2117,2.1289,4.3259,2.1632,4.4306,2.1962,4.5226,2.2247
7.333e+05,4.0145,2.2099,4.0482,2.1548,4.1217,2.1377,4.2154,2.1433,4.3158,2.1611,4.4141,2.1841,4.5051,2.2076,4.5855,2.2288
7.3331e+05,4.087,2.2339,4.1584,2.2106,4.2541,2.2138,4.361,2.2323,4.4699,2.2579,4.5748,2.2855,4.6714,2.3117,4.7573,2.3342
7.3331e+05,3.9834,2.1071,4.065,2.1105,4.1752,2.1343,4.2961,2.1677,4.416,2.2038,4.5278,2.2381,4.6274,2.2681,4.713,2.2926
7.3332e+05,4.0885,2.1777,4.163,2.1853,4.2674,2.2071,4.3822,2.2363,4.4954,2.2683,4.6,2.2997,4.6922,2.3284,4.7705,2.3529
7.3333e+05,4.1945,2.225,4.2501,2.2263,4.34,2.2426,4.444,2.2674,4.5493,2.2959,4.6482,2.3249,4.7364,2.3519,4.8121,2.3753
7.3333e+05,3.7884,1.8196,3.8657,1.8586,3.9815,1.9077,4.1104,1.9608,4.2374,2.0134,4.354,2.0627,4.4562,2.1066,4.5427,2.1441
7.3334e+05,3.7678,1.6956,3.8595,1.7693,3.9853,1.8384,4.1191,1.9013,4.2465,1.9574,4.3605,2.006,4.4582,2.0473,4.5395,2.0814
7.3335e+05,3.6614,1.4216,3.7514,1.5384,3.8751,1.6397,4.0096,1.7267,4.141,1.8005,4.2615,1.8624,4.3673,1.9134,4.4569,1.9548
7.3336e+05,3.4763,1.2034,3.59,1.3395,3.7377,1.4625,3.8955,1.5719,4.0488,1.6674,4.1892,1.7494,4.3126,1.8187,4.4175,1.8762
7.3336e+05,3.376,1.1815,3.5034,1.3106,3.6617,1.4315,3.8266,1.5418,3.9835,1.6404,4.1249,1.7267,4.2474,1.801,4.35,1.8635
7.3337e+05,3.1474,0.9143,3.2987,1.0646,3.4834,1.2071,3.672,1.3385,3.8484,1.4568,4.0045,1.5609,4.1375,1.6507,4.2474,1.7264
7.3338e+05,3.0841,0.9935,3.2343,1.1041,3.4252,1.223,3.6215,1.342,3.8045,1.4554,3.9655,1.5595,4.1016,1.6521,4.2134,1.7321
7.3338e+05,3.1627,1.2218,3.3175,1.3144,3.5164,1.4286,3.7246,1.5498,3.9224,1.6684,4.0994,1.7783,4.2516,1.8761,4.3782,1.9601
7.3339e+05,3.3296,1.2022,3.4633,1.3082,3.6368,1.4343,3.8245,1.5659,4.01,1.6932,4.1831,1.8105,4.3379,1.9142,4.4716,2.0028
7.334e+05,3.2161,1.1276,3.3668,1.239,3.5622,1.3697,3.7674,1.5039,3.9625,1.6315,4.137,1.7468,4.2865,1.8472,4.4103,1.9314
7.334e+05,3.1391,1.0459,3.2964,1.1644,3.4976,1.3058,3.7065,1.4512,3.9032,1.5894,4.0776,1.7138,4.226,1.8213,4.3482,1.9112
7.3341e+05,2.7763,0.6672,2.9762,0.8135,3.204,0.9824,3.4274,1.1528,3.6333,1.3123,3.8171,1.4545,3.9773,1.5766,4.1146,1.6782
7.3342e+05,2.6363,0.6781,2.8461,0.8175,3.0864,0.9725,3.3238,1.1291,3.5444,1.2781,3.7426,1.4142,3.9167,1.5344,4.0671,1.6375
7.3342e+05,2.4234,0.5902,2.6523,0.7246,2.9058,0.8702,3.1526,1.0172,3.3806,1.1585,3.5854,1.2898,3.766,1.408,3.9227,1.5116
7.3343e+05,2.3277,0.4924,2.5618,0.6462,2.8242,0.8024,3.0834,0.9541,3.325,1.0967,3.5427,1.227,3.7347,1.3434,3.9011,1.4452
7.3344e+05,2.2486,0.4006,2.5058,0.5638,2.7876,0.7291,3.0639,0.8891,3.3197,1.0389,3.5483,1.1755,3.7479,1.2969,3.9191,1.4026
7.3345e+05,2.1333,0.2961,2.4468,0.5041,2.7684,0.7021,3.0707,0.886,3.344,1.0532,3.5858,1.2027,3.7967,1.334,3.9786,1.4477
7.3345e+05,2.1673,0.2463,2.5131,0.5047,2.8537,0.7435,3.168,0.9604,3.4499,1.1543,3.6988,1.3251,3.916,1.4735,4.1037,1.6005
7.3346e+05,2.2269,0.1482,2.5528,0.42,2.8821,0.6696,3.1903,0.8952,3.4689,1.0963,3.7157,1.2733,3.9313,1.4272,4.1175,1.5592
7.3347e+05,1.8822,-0.306,2.2242,-0.0088,2.5738,0.2655,2.9017,0.5146,3.1974,0.7378,3.4588,0.9352,3.6868,1.1077,3.8837,1.2566
7.3347e+05,1.7939,-0.4662,2.1407,-0.1635,2.506,0.1178,2.8569,0.3749,3.1791,0.6065,3.4673,0.8124,3.7208,0.9932,3.9411,1.1501
7.3348e+05,1.7033,-0.3527,2.0122,-0.069,2.351,0.1936,2.6902,0.4329,3.012,0.6481,3.3064,0.8391,3.5686,1.0067,3.797,1.152
7.3349e+05,1.7526,-0.0455,2.0268,0.1234,2.3244,0.3067,2.6259,0.4932,2.9178,0.6753,3.191,0.8476,3.4401,1.0068,3.6618,1.1509
7.335e+05,1.8707,-0.0687,2.1612,0.1637,2.473,0.3884,2.7864,0.6008,3.0878,0.7982,3.3682,0.9788,3.6223,1.1419,3.847,1.2875
7.335e+05,2.0495,0.0805,2.3148,0.3114,2.5966,0.5242,2.8792,0.7181,3.1514,0.8933,3.4057,1.0502,3.6375,1.1895,3.8442,1.3124
7.3351e+05,2.008,-0.0168,2.2949,0.2394,2.589,0.4705,2.8768,0.6773,3.1493,0.8609,3.4005,1.0227,3.627,1.1643,3.8271,1.2873
7.3352e+05,2.403,0.2876,2.6711,0.5433,2.9418,0.7683,3.2054,0.9656,3.455,1.1379,3.6861,1.288,3.8959,1.4181,4.0827,1.5306
7.3352e+05,2.6635,0.4635,2.9479,0.7183,3.2116,0.9298,3.454,1.1118,3.6747,1.2709,3.8738,1.411,4.0519,1.5346,4.2094,1.6439
7.3353e+05,2.6725,0.4487,2.9535,0.6896,3.2126,0.901,3.4495,1.0859,3.6644,1.2474,3.8579,1.388,4.0305,1.5102,4.1831,1.616
7.3354e+05,2.4823,0.1816,2.7634,0.4466,3.032,0.6831,3.2842,0.8927,3.5175,1.0773,3.7302,1.239,3.9215,1.3798,4.0913,1.5015
7.3354e+05,2.6785,0.2836,2.9444,0.5346,3.1928,0.7554,3.4228,0.9492,3.6335,1.119,3.8249,1.2674,3.997,1.3968,4.1502,1.5095
7.3355e+05,2.692,0.269,2.9626,0.5171,3.2116,0.7328,3.4391,0.9204,3.6456,1.0834,3.8318,1.2252,3.9983,1.3485,4.1461,1.4558
7.3356e+05,2.9188,0.5117,3.2045,0.7639,3.461,0.9837,3.6905,1.1747,3.8949,1.3405,4.0759,1.4838,4.2352,1.6074,4.3746,1.7137
7.3356e+05,2.6922,0.2959,2.9722,0.5684,3.2374,0.7952,3.4848,0.9956,3.7125,1.1748,3.9192,1.3342,4.1046,1.4753,4.2686,1.5994
7.3357e+05,3.2724,0.7656,3.5315,0.9977,3.7615,1.1984,3.9649,1.3772,4.144,1.5352,4.3009,1.6733,4.4375,1.793,4.5555,1.8963
7.3358e+05,3.1153,0.6568,3.3775,0.8944,3.6124,1.1044,3.8217,1.2911,4.0075,1.4544,4.1714,1.5951,4.3152,1.7157,4.4403,1.8187
7.3359e+05,2.8927,0.3652,3.156,0.6095,3.3932,0.832,3.6062,1.0334,3.7964,1.2114,3.9653,1.3661,4.1144,1.4992,4.2452,1.6134
7.3359e+05,2.7972,0.1341,3.0639,0.41,3.3142,0.6552,3.5455,0.8744,3.7565,1.0669,3.9462,1.2335,4.1145,1.3766,4.2617,1.4991
7.336e+05,2.8204,0.1719,3.0674,0.4566,3.3033,0.7106,3.5247,0.9351,3.729,1.1294,3.9149,1.2954,4.0815,1.4361,4.2288,1.5555
7.3361e+05,2.9249,0.5422,3.2001,0.7751,3.4525,0.9875,3.682,1.1788,3.8887,1.3471,4.0732,1.4925,4.2363,1.6171,4.3789,1.7235
7.3361e+05,2.9424,0.9505,3.2217,1.115,3.4769,1.2734,3.7083,1.4225,3.9165,1.5578,4.1022,1.6777,4.2662,1.7824,4.4098,1.8732
7.3362e+05,2.7316,0.8026,2.9963,0.9523,3.249,1.1082,3.4858,1.2596,3.7043,1.3989,3.9029,1.5231,4.081,1.6318,4.2384,1.7262
7.3363e+05,2.7273,0.9481,2.9878,1.0893,3.236,1.2432,3.4685,1.3898,3.683,1.5205,3.8781,1.6333,4.0534,1.7294,4.2085,1.8108
7.3364e+05,2.6181,0.9573,2.8737,1.0847,3.1216,1.2212,3.3567,1.3553,3.5755,1.4796,3.7758,1.5908,3.9563,1.6885,4.1164,1.7734
7.3364e+05,2.6529,0.9943,2.9072,1.121,3.1547,1.2552,3.3893,1.3854,3.607,1.5047,3.8052,1.6105,3.9825,1.7027,4.1386,1.7824
7.3365e+05,2.5768,1.0175,2.8286,1.1305,3.0806,1.2499,3.3233,1.3707,3.5504,1.4865,3.7579,1.5935,3.9437,1.6901,4.1067,1.7762
7.3366e+05,2.4188,1.2036,2.6539,1.2656,2.8989,1.3488,3.1407,1.4446,3.3704,1.5439,3.5822,1.6409,3.7727,1.7321,3.9404,1.8159
7.3366e+05,2.4585,1.3494,2.7162,1.397,2.9788,1.467,3.2321,1.549,3.4674,1.6344,3.6795,1.7175,3.866,1.7955,4.0265,1.8668
7.3367e+05,2.4375,1.6472,2.7197,1.6146,3.002,1.6374,3.2709,1.6891,3.518,1.7538,3.7387,1.8221,3.9313,1.8891,4.0957,1.9521
7.3368e+05,2.391,1.825,2.7052,1.8236,3.0217,1.8681,3.3213,1.9329,3.5931,2.0039,3.8315,2.0736,4.0348,2.1387,4.2035,2.1976
7.3368e+05,1.9039,1.5718,2.2818,1.6621,2.6664,1.7942,3.0298,1.9234,3.3564,2.0362,3.6388,2.1308,3.8752,2.2092,4.067,2.2741
7.3369e+05,1.9376,2.5237,2.3882,2.5788,2.8455,2.6769,3.2725,2.7599,3.6493,2.8239,3.9674,2.873,4.2255,2.9115,4.4264,2.9424
7.337e+05,1.9034,3.4087,2.3953,2.9901,2.9075,2.8752,3.391,2.8535,3.8194,2.8554,4.1812,2.8617,4.4738,2.8679,4.7002,2.8732
7.3370e+05,1.7505,4.1066,2.2037,3.5704,2.7052,3.3261,3.1886,3.2368,3.6188,3.2216,3.9805,3.2345,4.2702,3.2509,4.4912,3.259
7.3371e+05,1.7918,4.0054,2.3117,3.7119,2.8675,3.5668,3.398,3.5042,3.8702,3.4836,4.2686,3.4809,4.5895,3.4824,4.8355,3.4811
7.3372e+05,1.5677,3.647,2.0897,3.4455,2.6493,3.3724,3.1827,3.3505,3.6558,3.3408,4.0537,3.3261,4.3732,3.3004,4.6178,3.2639
7.3373e+05,1.3918,3.4115,1.8895,3.2735,2.4359,3.2635,2.9633,3.2963,3.4354,3.3288,3.8358,3.342,4.1603,3.3303,4.4117,3.2953
7.3373e+05,1.1995,4.02,1.6322,3.7605,2.1019,3.6796,2.5558,3.6678,2.9649,3.6693,3.3154,3.659,3.6034,3.6282,3.8304,3.5773
7.3374e+05,1.0588,4.2412,1.472,3.8404,1.9281,3.6199,2.373,3.4843,2.7763,3.3883,3.1234,3.3113,3.4093,3.2448,3.6351,3.1855
7.3375e+05,0.9566,3.943,1.3464,3.3705,1.7711,3.0761,2.185,2.9176,2.5615,2.8231,2.8873,2.7575,3.1571,2.7045,3.3714,2.6575
7.3375e+05,0.8084,3.8842,1.2072,3.423,1.6406,3.2097,2.0634,3.0918,2.4491,3.0067,2.7841,2.931,3.0632,2.8574,3.2863,2.7852
7.3376e+05,0.7852,3.1117,1.0984,2.7674,1.4302,2.5877,1.7529,2.476,2.0499,2.3958,2.3119,2.3326,2.5349,2.2803,2.7181,2.2358
7.3377e+05,0.8918,3.1737,1.1947,2.8431,1.5087,2.6518,1.8117,2.5228,2.0899,2.4291,2.3359,2.3581,2.5461,2.3028,2.7201,2.2592
7.3378e+05,1.016,3.3747,1.379,3.0561,1.7454,2.8914,2.0918,2.7903,2.4047,2.7195,2.6768,2.6656,2.9055,2.6222,3.0913,2.5861
7.3378e+05,0.8554,2.7502,1.201,2.4238,1.5694,2.2745,1.9324,2.2013,2.2721,2.1661,2.5778,2.1528,2.8441,2.1532,3.0693,2.1627
7.3379e+05,0.871,2.4902,1.2127,2.2458,1.5726,2.1403,1.9233,2.0934,2.2477,2.0763,2.5362,2.0761,2.7842,2.086,2.9907,2.1018
7.338e+05,1.0097,2.205,1.3923,2.1402,1.7936,2.1372,2.1845,2.1517,2.5466,2.174,2.8696,2.2011,3.1483,2.2316,3.3815,2.2642
7.338e+05,1.1806,1.8555,1.5855,1.8447,1.9961,1.8761,2.3891,1.9134,2.7499,1.9519,3.0704,1.9924,3.3469,2.0352,3.5787,2.0801
7.3381e+05,1.2853,1.6122,1.7096,1.662,2.1339,1.7682,2.5337,1.8715,2.8949,1.9606,3.2103,2.0362,3.4777,2.101,3.6977,2.1574
7.3382e+05,1.2371,1.541,1.6192,1.5974,2.0125,1.6788,2.3928,1.7559,2.745,1.8264,3.0602,1.8915,3.3343,1.9524,3.5662,2.0097
7.3382e+05,1.1937,1.6181,1.5584,1.6648,1.9374,1.733,2.3061,1.7988,2.6489,1.8579,2.9567,1.9106,3.2251,1.9581,3.453,2.0013
7.3383e+05,1.3135,1.7207,1.7159,1.869,2.1273,2.0246,2.5209,2.157,2.8806,2.2617,3.198,2.3423,3.4695,2.4037,3.6952,2.4506
7.3384e+05,1.2393,1.8721,1.6164,1.978,2.0012,2.0901,2.3694,2.184,2.7063,2.2569,3.0039,2.3118,3.2591,2.3527,3.4717,2.3832
7.3384e+05,1.2854,1.7542,1.6522,1.8314,2.0227,1.9107,2.3773,1.9825,2.7039,2.0464,2.9957,2.1036,3.2497,2.1555,3.4655,2.2027
7.3385e+05,1.1382,1.3064,1.4509,1.3029,1.7721,1.3376,2.0869,1.3973,2.3851,1.4721,2.6603,1.5546,2.9086,1.6393,3.1284,1.7222
7.3386e+05,1.1932,0.9147,1.5306,1.0246,1.8699,1.1389,2.1957,1.2489,2.498,1.3516,2.7714,1.4458,3.0129,1.5314,3.222,1.6086
7.3387e+05,1.2757,1.0693,1.6236,1.2095,1.9696,1.3292,2.2999,1.4325,2.6056,1.5262,2.8816,1.6139,3.1252,1.6971,3.3359,1.776
7.3387e+05,1.283,1.0555,1.6421,1.1936,1.9984,1.3258,2.3389,1.4443,2.655,1.551,2.9415,1.6486,3.1955,1.7384,3.4164,1.8214
7.3388e+05,1.2909,1.1276,1.6581,1.2839,2.0187,1.4195,2.3615,1.5355,2.6792,1.6393,2.9671,1.7352,3.2231,1.8249,3.4464,1.9089
7.3389e+05,1.3195,1.1225,1.7011,1.2627,2.0692,1.3687,2.4151,1.4559,2.7334,1.5368,3.0211,1.6163,3.2765,1.6957,3.4995,1.775
7.3389e+05,1.3297,1.2475,1.7441,1.3929,2.1447,1.5275,2.5207,1.6449,2.865,1.7514,3.1738,1.851,3.4458,1.9451,3.6809,2.0342
7.339e+05,1.4053,1.1266,1.8289,1.274,2.2357,1.4353,2.6154,1.582,2.962,1.7122,3.2723,1.8284,3.5452,1.9331,3.7811,2.0279
7.3391e+05,1.2447,1.0009,1.6608,1.1453,2.0691,1.31,2.4539,1.4565,2.8056,1.5814,3.1193,1.6882,3.3931,1.7807,3.6274,1.8616
7.3392e+05,1.3699,0.8599,1.8412,1.084,2.2958,1.2929,2.7161,1.466,3.0931,1.6091,3.4227,1.73,3.705,1.8343,3.9418,1.9258
7.3392e+05,1.3924,0.7445,1.8842,0.9807,2.3541,1.2086,2.7837,1.4002,3.1639,1.5567,3.4918,1.6849,3.7683,1.7912,3.9965,1.8807
7.3393e+05,1.8636,0.7685,2.377,1.0785,2.8406,1.3504,3.2502,1.5701,3.6054,1.7454,3.9082,1.8869,4.1618,2.0028,4.3705,2.0993
7.3394e+05,1.8698,0.6056,2.3835,0.9743,2.8351,1.2645,3.2281,1.5017,3.5668,1.6984,3.8557,1.8625,4.0995,1.9992,4.3027,2.1125
7.3394e+05,1.8385,0.9068,2.3691,1.1934,2.8353,1.4335,3.2379,1.6338,3.5802,1.8003,3.867,1.9379,4.1035,2.0509,4.2954,2.1431
7.3395e+05,1.613,1.0817,2.1154,1.3369,2.5654,1.5315,2.9584,1.6816,3.2945,1.8,3.5767,1.8953,3.8097,1.9725,3.9987,2.0355
7.3396e+05,1.5045,0.9779,2.0149,1.2211,2.4837,1.4388,2.8972,1.6172,3.2514,1.7583,3.5476,1.8684,3.7903,1.9542,3.9853,2.0212
7.3396e+05,1.3609,1.0676,1.8307,1.2633,2.2728,1.4373,2.673,1.5814,3.0249,1.7002,3.3272,1.7996,3.5816,1.8844,3.7918,1.9579
7.3397e+05,1.579,0.9586,2.099,1.2312,2.5768,1.4422,3.0024,1.6024,3.3721,1.7277,3.6868,1.8298,3.9496,1.9159,4.1652,1.9904
7.3398e+05,1.6205,0.9994,2.1415,1.2597,2.6165,1.4566,3.0373,1.6077,3.4017,1.7283,3.7112,1.8287,3.9696,1.9149,4.1817,1.9904
7.3398e+05,1.6408,1.0601,2.1253,1.3053,2.5577,1.4632,2.9363,1.5733,3.2624,1.6584,3.5392,1.73,3.7706,1.794,3.9615,1.8531
7.3399e+05,1.9077,1.1652,2.4334,1.4373,2.89,1.6152,3.282,1.7382,3.6147,1.8301,3.894,1.9043,4.1256,1.9678,4.3151,2.0247
7.34e+05,1.6063,1.2269,2.1105,1.471,2.5633,1.6298,2.9599,1.7374,3.3002,1.8156,3.5871,1.8769,3.8251,1.9286,4.0194,1.9745
7.3401e+05,1.6794,1.096,2.1803,1.3038,2.6221,1.4434,3.005,1.5459,3.3315,1.6282,3.6061,1.6993,3.8338,1.7639,4.0199,1.8241
7.3401e+05,1.5567,1.1802,2.0549,1.3635,2.5005,1.4953,2.8888,1.5973,3.2198,1.6818,3.4969,1.7555,3.7247,1.8218,3.9088,1.8826
7.3402e+05,1.4614,0.9935,1.9656,1.1795,2.4258,1.3268,2.831,1.4505,3.178,1.5586,3.4689,1.6551,3.7081,1.7426,3.9015,1.8221
7.3403e+05,1.4101,0.8076,1.8947,0.9999,2.3356,1.158,2.7237,1.2954,3.0569,1.418,3.3374,1.5286,3.5694,1.6287,3.7585,1.719
7.3403e+05,1.5788,0.805,2.0803,1.028,2.5242,1.2095,2.9075,1.3611,3.2316,1.4901,3.5012,1.6015,3.7219,1.6988,3.9001,1.7844
7.3404e+05,1.4721,0.7906,1.9487,1.0187,2.3787,1.1948,2.7555,1.3339,3.0785,1.4485,3.35,1.5466,3.5744,1.6328,3.757,1.7098
7.3405e+05,1.3619,0.6301,1.8288,0.8711,2.2537,1.064,2.6289,1.2191,2.9526,1.3476,3.2265,1.4573,3.4543,1.5532,3.6408,1.6384
7.3406e+05,1.4918,0.6215,1.9661,0.8745,2.3933,1.0756,2.7699,1.2355,3.0962,1.3669,3.3745,1.479,3.6087,1.5774,3.8033,1.6656
7.3406e+05,1.4943,0.5265,1.9696,0.7832,2.3957,0.9859,2.7714,1.1465,3.0979,1.2782,3.3779,1.3904,3.6151,1.489,3.8136,1.5775
7.3407e+05,1.5835,0.537,2.0674,0.8335,2.4951,1.0501,2.8679,1.2119,3.1889,1.34,3.4621,1.4474,3.6919,1.5418,3.883,1.6272
7.3408e+05,1.4207,0.3346,1.9066,0.6211,2.3477,0.8502,2.7371,1.0329,3.0735,1.1834,3.3591,1.3117,3.5979,1.4245,3.7947,1.5256
7.3408e+05,1.3827,0.2258,1.8865,0.5205,2.3518,0.7686,2.7683,0.9711,3.1325,1.1374,3.4447,1.2768,3.7078,1.3964,3.9262,1.5008
7.3409e+05,1.3383,0.1851,1.8366,0.4671,2.2989,0.7049,2.7127,0.9011,3.0735,1.0648,3.3817,1.2041,3.6404,1.3254,3.8545,1.4326
7.341e+05,1.254,0.0206,1.7547,0.3081,2.2208,0.5574,2.6367,0.7662,2.997,0.9412,3.3024,1.0897,3.5568,1.2179,3.7657,1.3301
7.341e+05,1.1297,-0.0463,1.6031,0.2067,2.0504,0.4413,2.4543,0.6493,2.808,0.8307,3.1109,0.9883,3.3661,1.1255,3.5781,1.2455
7.3411e+05,1.3264,0.0623,1.8167,0.3278,2.2767,0.5848,2.6915,0.8144,3.055,1.0132,3.3668,1.1835,3.6296,1.3292,3.8478,1.4543
7.3412e+05,1.301,0.1216,1.8057,0.3795,2.2835,0.6381,2.7162,0.8718,3.0962,1.0751,3.4223,1.2498,3.6968,1.3996,3.9243,1.5285
7.3412e+05,1.3184,-0.0145,1.8311,0.27,2.3117,0.5435,2.7419,0.7841,3.1152,0.9898,3.4317,1.1646,3.6952,1.3137,3.9113,1.4416
7.3413e+05,1.5655,0.1196,2.0959,0.415,2.5818,0.6979,3.0122,0.9473,3.3841,1.1604,3.6991,1.3406,3.9615,1.4929,4.177,1.6223
7.3414e+05,1.7052,0.162,2.2213,0.462,2.6824,0.7416,3.0863,0.9824,3.4343,1.1839,3.7299,1.351,3.9776,1.49,4.1824,1.6064
7.3415e+05,1.5631,-0.0788,2.1033,0.265,2.5905,0.5774,3.0183,0.8418,3.3866,1.0606,3.6984,1.2413,3.9587,1.3914,4.1733,1.5175
7.3415e+05,1.4418,-0.1708,1.9756,0.1933,2.4637,0.5039,2.8939,0.7608,3.2632,0.9746,3.5739,1.1555,3.8312,1.3109,4.0415,1.4459
7.3416e+05,1.3747,-0.174,1.9091,0.1975,2.3963,0.5068,2.8225,0.7585,3.1851,0.9658,3.4876,1.1401,3.7361,1.2894,3.9381,1.4192
7.3417e+05,1.3629,-0.1496,1.8948,0.2065,2.3833,0.5065,2.8141,0.7521,3.1831,0.9544,3.4927,1.1239,3.7481,1.2683,3.9561,1.3933
7.3417e+05,1.2651,-0.2235,1.7899,0.1413,2.2821,0.4618,2.7218,0.7302,3.1021,0.9526,3.4234,1.1379,3.6899,1.294,3.908,1.4271
7.3418e+05,1.3707,-0.1934,1.8974,0.1882,2.3889,0.5264,2.829,0.8134,3.2119,1.0537,3.5379,1.255,3.811,1.4246,4.0365,1.5688
7.3419e+05,1.5044,-0.1246,2.0386,0.2774,2.5273,0.6196,2.9595,0.9012,3.3325,1.1321,3.6483,1.3229,3.9117,1.4823,4.1285,1.6172
7.342e+05,1.325,-0.1425,1.8493,0.2438,2.3383,0.5768,2.7745,0.8541,3.1518,1.084,3.4708,1.2758,3.7359,1.4376,3.9532,1.5753
7.342e+05,1.4118,-0.171,1.9213,0.221,2.3957,0.5585,2.8221,0.8425,3.1954,1.0817,3.516,1.2842,3.7866,1.4568,4.0121,1.6045
7.3421e+05,1.4826,-0.1714,1.9907,0.222,2.4568,0.5545,2.871,0.8321,3.2306,1.0653,3.5372,1.2632,3.7949,1.4325,4.0087,1.5781
7.3422e+05,1.5476,-0.0592,2.0532,0.3323,2.507,0.6468,2.9038,0.9033,3.244,1.1172,3.5313,1.2984,3.7711,1.4536,3.9693,1.5871
7.3422e+05,1.6169,0.0417,2.1544,0.4288,2.6312,0.7461,3.0435,1.0076,3.3943,1.2264,3.6898,1.4117,3.937,1.57,4.1426,1.7058
7.3423e+05,1.6962,0.0503,2.2378,0.4568,2.719,0.7861,3.1353,1.0551,3.4887,1.2784,3.7848,1.4663,4.0304,1.6257,4.2325,1.7614
7.3424e+05,1.6584,-0.061,2.2043,0.355,2.6836,0.6828,3.0935,0.9472,3.4387,1.1658,3.7268,1.3496,3.9657,1.5058,4.1631,1.6391
7.3424e+05,1.5274,-0.1694,2.0589,0.217,2.5357,0.5454,2.9493,0.8238,3.3011,1.0591,3.5969,1.2575,3.8439,1.4242,4.0491,1.5637
7.3425e+05,1.6617,-0.1081,2.1904,0.2761,2.6537,0.5972,3.0496,0.8653,3.3828,1.0891,3.661,1.2758,3.8921,1.4314,4.0833,1.5609
7.3426e+05,1.4901,-0.2216,2.0092,0.1435,2.4749,0.4423,2.8777,0.6907,3.2186,0.8996,3.5033,1.0768,3.7391,1.228,3.9333,1.3575
7.3426e+05,1.3068,-0.2054,1.7911,0.1584,2.2435,0.459,2.6463,0.7042,2.9934,0.9071,3.2855,1.0776,3.5271,1.2225,3.7238,1.3464
7.3427e+05,1.2661,-0.2519,1.761,0.0879,2.2254,0.3876,2.6383,0.6408,2.9926,0.8529,3.2894,1.0312,3.5335,1.1817,3.7317,1.3093
7.3428e+05,1.2003,0,1.6523,0.2583,2.0788,0.5101,2.461,0.7312,2.7923,0.9203,3.0728,1.0813,3.3064,1.2186,3.4983,1.336
7.3429e+05,1.2604,0.1389,1.7409,0.3519,2.1819,0.5791,2.5682,0.7904,2.8984,0.9773,3.1767,1.1393,3.4094,1.2786,3.6032,1.3978
7.3429e+05,1.1656,0.0811,1.6262,0.2781,2.0599,0.5008,2.4471,0.713,2.7819,0.9026,3.0657,1.0674,3.303,1.2088,3.4995,1.3292
7.343e+05,1.1965,0.1222,1.6602,0.315,2.0926,0.5333,2.4763,0.7426,2.807,0.9307,3.087,1.0952,3.3216,1.2372,3.5165,1.3588
7.3431e+05,1.1988,0.0572,1.6672,0.2676,2.1011,0.4932,2.4843,0.7048,2.814,0.8933,3.0929,1.0572,3.3264,1.1984,3.5207,1.3192
7.3431e+05,1.0748,-0.0217,1.5292,0.1928,1.9598,0.4241,2.3458,0.6413,2.6808,0.8348,2.9662,1.0033,3.2063,1.1484,3.4067,1.2729
7.3432e+05,1.0391,0.047,1.4696,0.2646,1.8787,0.4954,2.2468,0.7096,2.5682,0.8993,2.8441,1.0641,3.0784,1.2066,3.276,1.3294
7.3433e+05,1.0465,0.0782,1.4831,0.2895,1.9035,0.5136,2.2852,0.7233,2.62,0.9105,2.9075,1.0744,3.1506,1.2168,3.3542,1.3403
7.3434e+05,0.9387,0.0824,1.3442,0.2771,1.7471,0.4941,2.1229,0.7007,2.4597,0.8869,2.7533,1.0512,3.0044,1.1953,3.216,1.3211
7.3434e+05,0.9582,0.0473,1.3784,0.267,1.7925,0.4961,2.176,0.7084,2.5174,0.8974,2.8136,1.0634,3.0657,1.2087,3.2773,1.3359
7.3435e+05,0.8423,-0.1253,1.2411,0.0904,1.648,0.3257,2.0332,0.5496,2.3817,0.7515,2.6877,0.9299,2.9508,1.0859,3.1736,1.2221
7.3436e+05,0.7894,-0.2384,1.1691,-0.0274,1.5599,0.2032,1.9336,0.4281,2.2758,0.6361,2.5801,0.8236,2.8454,0.9901,3.0735,1.1368
7.3436e+05,0.8048,-0.1233,1.1444,0.0568,1.4916,0.2571,1.8259,0.4539,2.1361,0.6372,2.4166,0.8036,2.6657,0.9527,2.8842,1.0855
7.3437e+05,0.788,-0.0784,1.1396,0.1304,1.4937,0.3412,1.8274,0.5321,2.1292,0.7001,2.3953,0.8474,2.6256,0.9772,2.8227,1.092
7.3438e+05,0.8472,-0.0501,1.1926,0.1435,1.5394,0.3455,1.8669,0.5321,2.1646,0.6978,2.4286,0.8435,2.6585,0.9713,2.8561,1.0838
7.3438e+05,0.8487,-0.0552,1.2032,0.1738,1.5616,0.3838,1.9027,0.5644,2.2153,0.7198,2.4944,0.8551,2.7387,0.9742,2.9498,1.0798
7.3439e+05,0.9062,-0.0562,1.2836,0.1583,1.6566,0.3599,2.004,0.5367,2.3157,0.6906,2.5889,0.8255,2.8244,0.9448,3.0252,1.0511
7.344e+05,0.7687,-0.113,1.1418,0.0975,1.5258,0.306,1.8918,0.4945,2.2251,0.661,2.52,0.8078,2.7757,0.9379,2.9946,1.0537
7.3440e+05,0.7144,-0.2431,1.0597,-0.0711,1.4205,0.1187,1.7695,0.3031,2.092,0.4731,2.3813,0.6265,2.6356,0.7638,2.8558,0.8864
7.3441e+05,0.6441,-0.3163,0.9701,-0.1607,1.3183,0.014,1.6597,0.194,1.9785,0.3704,2.2667,0.538,2.5218,0.6939,2.744,0.8366
7.3442e+05,0.5393,-0.651,0.8397,-0.4914,1.1704,-0.309,1.503,-0.1198,1.8208,0.0663,2.1146,0.2432,2.38,0.4077,2.6162,0.5583
7.3443e+05,0.5903,-0.6988,0.9139,-0.5217,1.2676,-0.3132,1.6227,-0.1006,1.9619,0.1027,2.2756,0.2902,2.5592,0.4598,2.8116,0.6114
7.3443e+05,0.552,-0.7195,0.8776,-0.5442,1.2376,-0.3355,1.5997,-0.1231,1.9448,0.0787,2.2626,0.2637,2.5483,0.4299,2.801,0.5778
7.3444e+05,0.5304,-0.6051,0.864,-0.4504,1.236,-0.2546,1.6109,-0.055,1.9678,0.1325,2.2955,0.3027,2.5894,0.4547,2.8482,0.5895
7.3445e+05,0.5259,-0.7717,0.8119,-0.6228,1.1409,-0.4154,1.4856,-0.1952,1.8274,0.0168,2.1545,0.2121,2.4597,0.388,2.7391,0.5447
7.3445e+05,0.7453,-0.5846,1.0496,-0.4331,1.3777,-0.2286,1.7122,-0.0137,2.0408,0.1922,2.3553,0.3814,2.6503,0.5516,2.9225,0.7031
7.3446e+05,0.8229,-0.4264,1.181,-0.2691,1.5505,-0.0695,1.9107,0.139,2.2494,0.34,2.5603,0.5259,2.841,0.6942,3.0912,0.8446
7.3447e+05,0.8134,-0.4517,1.172,-0.2946,1.5448,-0.0987,1.9088,0.1063,2.2507,0.3052,2.5637,0.4904,2.8447,0.6587,3.0937,0.8097
7.3448e+05,0.8414,-0.3812,1.2515,-0.1993,1.6675,0.0043,2.0615,0.2115,2.4211,0.4116,2.7418,0.5989,3.024,0.7706,3.2702,0.9257
7.3448e+05,1.0864,-0.2212,1.5605,0.0491,2.0142,0.3062,2.4251,0.5385,2.786,0.744,3.0974,0.9244,3.3632,1.0824,3.5887,1.2208
7.3449e+05,1.0426,-0.4143,1.5217,-0.0798,1.9845,0.2088,2.4055,0.4514,2.7757,0.6564,3.0949,0.8315,3.3667,0.983,3.5962,1.1151
7.345e+05,1.1561,-0.4302,1.6429,-0.0721,2.1002,0.2295,2.5099,0.4804,2.8679,0.6917,3.1764,0.8726,3.4404,1.0294,3.6653,1.1668
7.345e+05,1.0605,-0.4803,1.5529,-0.1256,2.0129,0.1774,2.4201,0.4309,2.7719,0.6445,3.0724,0.827,3.3279,0.9848,3.5448,1.1226
